Subject,Level,Comp,Year,Group,Grade,Count
B&M,HL,IA,2012,Group 3,5.0,27
B&M,HL,OG,2012,Group 3,4.9,27
B&M,HL,P1,2012,Group 3,4.5,27
B&M,HL,P2,2012,Group 3,4.9,27
B&M,SL,IA,2012,Group 3,4.6,8
B&M,SL,OG,2012,Group 3,5.6,8
B&M,SL,P1,2012,Group 3,5.8,8
B&M,SL,P2,2012,Group 3,6.1,8
BIO,HL,IA,2012,Group 4,5.8,24
BIO,HL,OG,2012,Group 4,5.4,24
BIO,HL,P1,2012,Group 4,5.1,24
BIO,HL,P2,2012,Group 4,4.8,24
BIO,HL,P3,2012,Group 4,5.2,24
BIO,SL,IA,2012,Group 4,5.3,15
BIO,SL,OG,2012,Group 4,5.3,15
BIO,SL,P1,2012,Group 4,5.0,15
BIO,SL,P2,2012,Group 4,4.9,15
BIO,SL,P3,2012,Group 4,5.8,15
CHE,HL,IA,2012,Group 4,6.6,15
CHE,HL,OG,2012,Group 4,5.9,15
CHE,HL,P1,2012,Group 4,5.3,15
CHE,HL,P2,2012,Group 4,5.7,15
CHE,HL,P3,2012,Group 4,5.2,15
CHE,SL,IA,2012,Group 4,4.5,6
CHE,SL,OG,2012,Group 4,4.7,6
CHE,SL,P1,2012,Group 4,4.2,6
CHE,SL,P2,2012,Group 4,5.0,6
CHE,SL,P3,2012,Group 4,4.8,6
CHI A1,HL,IA,2012,Group 1,6.3,6
CHI A1,HL,OG,2012,Group 1,5.7,6
CHI A1,HL,P1,2012,Group 1,5.0,6
CHI A1,HL,P2,2012,Group 1,4.8,6
CHI A1,HL,WLI,2012,Group 1,5.8,6
CHI A1,SL,IA,2012,Group 1,6.2,16
CHI A1,SL,OG,2012,Group 1,5.1,16
CHI A1,SL,P1,2012,Group 1,3.9,16
CHI A1,SL,P2,2012,Group 1,3.8,16
CHI A1,SL,WLI,2012,Group 1,5.4,16
CHI A2,HL,IA,2012,Group 2,6.1,13
CHI A2,HL,OG,2012,Group 2,6.0,13
CHI A2,HL,P1,2012,Group 2,5.5,13
CHI A2,HL,P2,2012,Group 2,6.0,13
CHI A2,HL,WRT,2012,Group 2,5.6,13
CHI A2,SL,IA,2012,Group 2,6.2,10
CHI A2,SL,OG,2012,Group 2,6.1,10
CHI A2,SL,P1,2012,Group 2,5.6,10
CHI A2,SL,P2,2012,Group 2,6.1,10
CHI A2,SL,WRT,2012,Group 2,5.7,10
D&T,HL,IA,2012,Group 4,5.3,6
D&T,HL,OG,2012,Group 4,4.7,6
D&T,HL,P1,2012,Group 4,4.7,6
D&T,HL,P2,2012,Group 4,4.8,6
D&T,HL,P3,2012,Group 4,4.0,6
D&T,SL,IA,2012,Group 4,5.7,6
D&T,SL,OG,2012,Group 4,5.5,6
D&T,SL,P1,2012,Group 4,5.3,6
D&T,SL,P2,2012,Group 4,5.5,6
D&T,SL,P3,2012,Group 4,5.0,6
ECO,HL,IA,2012,Group 3,4.8,13
ECO,HL,OG,2012,Group 3,4.8,13
ECO,HL,P1,2012,Group 3,4.4,13
ECO,HL,P2,2012,Group 3,4.3,13
ECO,HL,P3,2012,Group 3,4.5,13
ECO,SL,IA,2012,Group 3,5.7,6
ECO,SL,OG,2012,Group 3,6.2,6
ECO,SL,P1,2012,Group 3,5.3,6
ECO,SL,P2,2012,Group 3,6.2,6
ENG A1,HL,IA,2012,Group 1,5.0,32
ENG A1,HL,OG,2012,Group 1,4.9,32
ENG A1,HL,P1,2012,Group 1,5.2,32
ENG A1,HL,P2,2012,Group 1,5.4,32
ENG A1,HL,WLI,2012,Group 1,3.6,32
ENG A1,SL,IA,2012,Group 1,4.5,31
ENG A1,SL,OG,2012,Group 1,5.0,31
ENG A1,SL,P1,2012,Group 1,4.5,31
ENG A1,SL,P2,2012,Group 1,5.5,31
ENG A1,SL,WLI,2012,Group 1,5.0,31
ENG A2,HL,IA,2012,Group 2,5.5,23
ENG A2,HL,OG,2012,Group 2,5.2,23
ENG A2,HL,P1,2012,Group 2,5.3,23
ENG A2,HL,P2,2012,Group 2,4.9,23
ENG A2,HL,WRT,2012,Group 2,4.7,23
ENG A2,SL,IA,2012,Group 2,6.5,2
ENG A2,SL,OG,2012,Group 2,5.5,2
ENG A2,SL,P1,2012,Group 2,5.5,2
ENG A2,SL,P2,2012,Group 2,6.0,2
ENG A2,SL,WRT,2012,Group 2,6.0,2
ESS,SL,IA,2012,Group 4,4.5,14
ESS,SL,OG,2012,Group 4,4.4,14
ESS,SL,P1,2012,Group 4,3.4,14
ESS,SL,P2,2012,Group 4,4.7,14
GEO,HL,IA,2012,Group 3,6.2,10
GEO,HL,OG,2012,Group 3,4.9,10
GEO,HL,P1,2012,Group 3,5.3,10
GEO,HL,P2,2012,Group 3,4.1,10
GEO,HL,P3,2012,Group 3,4.6,10
GEO,SL,IA,2012,Group 3,5.8,10
GEO,SL,OG,2012,Group 3,5.4,10
GEO,SL,P1,2012,Group 3,5.5,10
GEO,SL,P2,2012,Group 3,4.9,10
HIN A1,SL,IA,2012,Group 1,7.0,1
HIN A1,SL,OG,2012,Group 1,6.0,1
HIN A1,SL,P1,2012,Group 1,6.0,1
HIN A1,SL,P2,2012,Group 1,6.0,1
HIN A1,SL,WLI,2012,Group 1,5.0,1
HIS,HL,IA,2012,Group 3,5.4,16
HIS,HL,OG,2012,Group 3,5.9,16
HIS,HL,P1,2012,Group 3,6.2,16
HIS,HL,P2,2012,Group 3,5.6,16
HIS,HL,P3,2012,Group 3,6.0,16
HIS,SL,IA,2012,Group 3,5.0,1
HIS,SL,OG,2012,Group 3,6.0,1
HIS,SL,P1,2012,Group 3,6.0,1
HIS,SL,P2,2012,Group 3,5.0,1
IND A1,SL,IA,2012,Group 1,7.0,1
IND A1,SL,OG,2012,Group 1,5.0,1
IND A1,SL,P1,2012,Group 1,6.0,1
IND A1,SL,P2,2012,Group 1,4.0,1
IND A1,SL,WLI,2012,Group 1,5.0,1
KOR A1,SL,IA,2012,Group 1,7.0,4
KOR A1,SL,OG,2012,Group 1,6.5,4
KOR A1,SL,P1,2012,Group 1,4.8,4
KOR A1,SL,P2,2012,Group 1,6.0,4
KOR A1,SL,WLI,2012,Group 1,6.8,4
MAN ABIN,SL,IA,2012,Group 2,5.3,3
MAN ABIN,SL,OG,2012,Group 2,3.0,3
MAN ABIN,SL,P1,2012,Group 2,2.7,3
MAN ABIN,SL,P2,2012,Group 2,2.0,3
MAN B,HL,IA,2012,Group 2,6.4,14
MAN B,HL,OG,2012,Group 2,5.9,14
MAN B,HL,P1,2012,Group 2,5.1,14
MAN B,HL,P2,2012,Group 2,6.0,14
MAN B,SL,IA,2012,Group 2,6.0,10
MAN B,SL,OG,2012,Group 2,6.4,10
MAN B,SL,P1,2012,Group 2,6.3,10
MAN B,SL,P2,2012,Group 2,6.4,10
MAT,HL,IA,2012,Group 5,5.0,9
MAT,HL,OG,2012,Group 5,5.2,9
MAT,HL,P1,2012,Group 5,5.4,9
MAT,HL,P2,2012,Group 5,5.3,9
MAT,HL,P3,2012,Group 5,4.4,9
MAT,SL,IA,2012,Group 5,5.4,51
MAT,SL,OG,2012,Group 5,5.6,51
MAT,SL,P1,2012,Group 5,5.6,51
MAT,SL,P2,2012,Group 5,5.4,51
MAT STUD,SL,IA,2012,Group 5,3.8,27
MAT STUD,SL,OG,2012,Group 5,4.7,27
MAT STUD,SL,P1,2012,Group 5,5.0,27
MAT STUD,SL,P2,2012,Group 5,4.7,27
MUS,HL,CRE,2012,Group 6,3.8,5
MUS,HL,MLI,2012,Group 6,5.2,5
MUS,HL,OG,2012,Group 6,4.8,5
MUS,HL,P1,2012,Group 6,4.2,5
MUS,HL,SOL,2012,Group 6,5.8,5
MUS,SL,CRE,2012,Group 6,4.0,1
MUS,SL,MLI,2012,Group 6,5.5,2
MUS,SL,OG,2012,Group 6,4.0,1
MUS,SL,P1,2012,Group 6,4.0,2
MUS,SL,SOL,2012,Group 6,5.0,1
PHY,HL,IA,2012,Group 4,5.7,17
PHY,HL,OG,2012,Group 4,5.3,17
PHY,HL,P1,2012,Group 4,4.6,17
PHY,HL,P2,2012,Group 4,5.1,17
PHY,HL,P3,2012,Group 4,5.1,17
PHY,SL,IA,2012,Group 4,5.0,6
PHY,SL,OG,2012,Group 4,5.2,6
PHY,SL,P1,2012,Group 4,5.2,6
PHY,SL,P2,2012,Group 4,4.5,6
PHY,SL,P3,2012,Group 4,5.0,6
PSY,SL,IA,2012,Group 3,5.7,15
PSY,SL,OG,2012,Group 3,4.7,15
PSY,SL,P1,2012,Group 3,4.0,15
PSY,SL,P2,2012,Group 3,4.1,15
SPA ABIN,SL,IA,2012,Group 2,6.0,10
SPA ABIN,SL,OG,2012,Group 2,5.8,10
SPA ABIN,SL,P1,2012,Group 2,5.5,10
SPA ABIN,SL,P2,2012,Group 2,5.8,10
SPA B,SL,IA,2012,Group 2,5.0,1
SPA B,SL,OG,2012,Group 2,4.0,1
SPA B,SL,P1,2012,Group 2,4.0,1
SPA B,SL,P2,2012,Group 2,3.0,1
SWE A1,SL,IA,2012,Group 1,7.0,1
SWE A1,SL,OG,2012,Group 1,6.0,1
SWE A1,SL,P1,2012,Group 1,6.0,1
SWE A1,SL,P2,2012,Group 1,5.0,1
SWE A1,SL,WLI,2012,Group 1,6.0,1
THE,HL,IPP,2012,Group 6,5.1,11
THE,HL,OG,2012,Group 6,4.8,11
THE,HL,P&P,2012,Group 6,4.8,11
THE,HL,PPP,2012,Group 6,4.1,11
THE,HL,RI,2012,Group 6,4.9,11
VIA,HL,OG,2012,Group 6,5.3,23
VIA,HL,PA,2012,Group 6,5.1,23
VIA,HL,PB,2012,Group 6,4.9,23
VIA,SL,OG,2012,Group 6,5.3,3
VIA,SL,PA,2012,Group 6,5.7,3
VIA,SL,PB,2012,Group 6,5.0,3
B&M,HL,IA,2013,Group 3,5.4,40
B&M,HL,OG,2013,Group 3,5.2,40
B&M,HL,P1,2013,Group 3,5.0,40
B&M,HL,P2,2013,Group 3,5.1,40
B&M,SL,IA,2013,Group 3,5.1,8
B&M,SL,OG,2013,Group 3,5.9,8
B&M,SL,P1,2013,Group 3,6.2,8
B&M,SL,P2,2013,Group 3,6.0,8
BIO,HL,IA,2013,Group 4,5.7,34
BIO,HL,OG,2013,Group 4,5.1,34
BIO,HL,P1,2013,Group 4,4.6,34
BIO,HL,P2,2013,Group 4,4.9,34
BIO,HL,P3,2013,Group 4,4.9,34
BIO,SL,IA,2013,Group 4,5.2,18
BIO,SL,OG,2013,Group 4,4.7,18
BIO,SL,P1,2013,Group 4,4.6,18
BIO,SL,P2,2013,Group 4,4.3,18
BIO,SL,P3,2013,Group 4,4.5,18
CHE,HL,IA,2013,Group 4,6.2,18
CHE,HL,OG,2013,Group 4,5.8,18
CHE,HL,P1,2013,Group 4,6.0,18
CHE,HL,P2,2013,Group 4,5.8,18
CHE,HL,P3,2013,Group 4,5.2,18
CHE,SL,IA,2013,Group 4,5.2,17
CHE,SL,OG,2013,Group 4,5.2,17
CHE,SL,P1,2013,Group 4,5.2,17
CHE,SL,P2,2013,Group 4,5.2,17
CHE,SL,P3,2013,Group 4,5.0,17
CHI A L&L,HL,IA,2013,Group 1,6.3,9
CHI A L&L,HL,OG,2013,Group 1,5.8,9
CHI A L&L,HL,P1,2013,Group 1,5.4,9
CHI A L&L,HL,P2,2013,Group 1,5.1,9
CHI A L&L,HL,WRT,2013,Group 1,5.3,9
CHI A L&L,SL,IA,2013,Group 1,6.5,23
CHI A L&L,SL,OG,2013,Group 1,5.7,23
CHI A L&L,SL,P1,2013,Group 1,5.4,23
CHI A L&L,SL,P2,2013,Group 1,4.7,23
CHI A L&L,SL,WRT,2013,Group 1,5.1,23
CHI A LIT,HL,IA,2013,Group 1,6.7,11
CHI A LIT,HL,OG,2013,Group 1,5.5,11
CHI A LIT,HL,P1,2013,Group 1,4.7,11
CHI A LIT,HL,P2,2013,Group 1,4.3,11
CHI A LIT,HL,WRA,2013,Group 1,5.4,11
CHI A LIT,SL,IA,2013,Group 1,6.7,7
CHI A LIT,SL,OG,2013,Group 1,5.9,7
CHI A LIT,SL,P1,2013,Group 1,4.3,7
CHI A LIT,SL,P2,2013,Group 1,4.3,7
CHI A LIT,SL,WRA,2013,Group 1,6.4,7
CHI B,HL,IA,2013,Group 2,6.4,20
CHI B,HL,OG,2013,Group 2,6.0,20
CHI B,HL,P1,2013,Group 2,6.0,20
CHI B,HL,P2,2013,Group 2,5.6,20
CHI B,HL,WRA,2013,Group 2,6.1,20
CHI B,SL,IA,2013,Group 2,6.2,26
CHI B,SL,OG,2013,Group 2,6.3,26
CHI B,SL,P1,2013,Group 2,5.7,26
CHI B,SL,P2,2013,Group 2,6.0,26
CHI B,SL,WRA,2013,Group 2,6.0,26
D&T,HL,IA,2013,Group 4,4.8,6
D&T,HL,OG,2013,Group 4,4.8,6
D&T,HL,P1,2013,Group 4,4.8,6
D&T,HL,P2,2013,Group 4,4.2,6
D&T,HL,P3,2013,Group 4,4.7,6
D&T,SL,IA,2013,Group 4,5.0,10
D&T,SL,OG,2013,Group 4,4.8,10
D&T,SL,P1,2013,Group 4,5.4,10
D&T,SL,P2,2013,Group 4,4.6,10
D&T,SL,P3,2013,Group 4,4.2,10
ECO,HL,IA,2013,Group 3,5.3,27
ECO,HL,OG,2013,Group 3,5.6,27
ECO,HL,P1,2013,Group 3,5.7,27
ECO,HL,P2,2013,Group 3,5.6,27
ECO,HL,P3,2013,Group 3,5.1,27
ECO,SL,IA,2013,Group 3,4.7,3
ECO,SL,OG,2013,Group 3,4.7,3
ECO,SL,P1,2013,Group 3,4.3,3
ECO,SL,P2,2013,Group 3,5.0,3
ENG A L&L,HL,IA,2013,Group 1,5.5,33
ENG A L&L,HL,OG,2013,Group 1,5.2,33
ENG A L&L,HL,P1,2013,Group 1,4.9,33
ENG A L&L,HL,P2,2013,Group 1,5.2,33
ENG A L&L,HL,WRT,2013,Group 1,4.4,33
ENG A L&L,SL,IA,2013,Group 1,4.4,55
ENG A L&L,SL,OG,2013,Group 1,5.2,55
ENG A L&L,SL,P1,2013,Group 1,5.1,55
ENG A L&L,SL,P2,2013,Group 1,4.6,55
ENG A L&L,SL,WRT,2013,Group 1,5.9,55
ENG A LIT,HL,IA,2013,Group 1,5.0,26
ENG A LIT,HL,OG,2013,Group 1,5.2,26
ENG A LIT,HL,P1,2013,Group 1,4.9,26
ENG A LIT,HL,P2,2013,Group 1,5.3,26
ENG A LIT,HL,WRA,2013,Group 1,4.8,26
ENG A LIT,SL,IA,2013,Group 1,4.7,9
ENG A LIT,SL,OG,2013,Group 1,4.7,9
ENG A LIT,SL,P1,2013,Group 1,4.8,9
ENG A LIT,SL,P2,2013,Group 1,5.0,9
ENG A LIT,SL,WRA,2013,Group 1,3.8,9
ESS,SL,IA,2013,Group 4,5.1,29
ESS,SL,OG,2013,Group 4,4.5,29
ESS,SL,P1,2013,Group 4,3.9,29
ESS,SL,P2,2013,Group 4,4.8,29
FRE ABIN,SL,IA,2013,Group 2,7.0,1
FRE ABIN,SL,OG,2013,Group 2,7.0,1
FRE ABIN,SL,P1,2013,Group 2,7.0,1
FRE ABIN,SL,P2,2013,Group 2,6.0,1
FRE ABIN,SL,WRA,2013,Group 2,7.0,1
GEO,HL,IA,2013,Group 3,5.6,24
GEO,HL,OG,2013,Group 3,5.9,24
GEO,HL,P1,2013,Group 3,5.5,24
GEO,HL,P2,2013,Group 3,6.2,24
GEO,HL,P3,2013,Group 3,5.1,24
GEO,SL,IA,2013,Group 3,5.3,9
GEO,SL,OG,2013,Group 3,5.1,9
GEO,SL,P1,2013,Group 3,5.2,9
GEO,SL,P2,2013,Group 3,4.2,9
HIS,HL,IA,2013,Group 3,4.4,20
HIS,HL,OG,2013,Group 3,5.0,20
HIS,HL,P1,2013,Group 3,5.5,20
HIS,HL,P2,2013,Group 3,4.8,20
HIS,HL,P3,2013,Group 3,4.8,20
HIS,SL,IA,2013,Group 3,5.0,3
HIS,SL,OG,2013,Group 3,5.0,3
HIS,SL,P1,2013,Group 3,5.0,3
HIS,SL,P2,2013,Group 3,4.7,3
JAP A LIT,HL,IA,2013,Group 1,6.0,1
JAP A LIT,HL,OG,2013,Group 1,5.0,1
JAP A LIT,HL,P1,2013,Group 1,5.0,1
JAP A LIT,HL,P2,2013,Group 1,6.0,1
JAP A LIT,HL,WRA,2013,Group 1,5.0,1
MAN ABIN,SL,IA,2013,Group 2,5.2,11
MAN ABIN,SL,OG,2013,Group 2,5.0,11
MAN ABIN,SL,P1,2013,Group 2,4.2,10
MAN ABIN,SL,P2,2013,Group 2,5.1,11
MAN ABIN,SL,WRA,2013,Group 2,5.1,11
MAT,HL,IA,2013,Group 5,4.7,12
MAT,HL,OG,2013,Group 5,5.8,12
MAT,HL,P1,2013,Group 5,5.8,12
MAT,HL,P2,2013,Group 5,5.6,12
MAT,HL,P3,2013,Group 5,6.2,12
MAT,SL,IA,2013,Group 5,4.8,65
MAT,SL,OG,2013,Group 5,5.1,65
MAT,SL,P1,2013,Group 5,5.1,65
MAT,SL,P2,2013,Group 5,5.2,65
MAT STUD,SL,IA,2013,Group 5,4.2,46
MAT STUD,SL,OG,2013,Group 5,5.0,46
MAT STUD,SL,P1,2013,Group 5,5.2,46
MAT STUD,SL,P2,2013,Group 5,5.1,46
MUS,HL,CRE,2013,Group 6,3.0,3
MUS,HL,MLI,2013,Group 6,6.0,3
MUS,HL,OG,2013,Group 6,4.3,3
MUS,HL,P1,2013,Group 6,3.7,3
MUS,HL,SOL,2013,Group 6,5.0,3
PHY,HL,IA,2013,Group 4,6.2,21
PHY,HL,OG,2013,Group 4,5.5,21
PHY,HL,P1,2013,Group 4,5.2,21
PHY,HL,P2,2013,Group 4,5.2,21
PHY,HL,P3,2013,Group 4,5.1,21
PHY,SL,IA,2013,Group 4,5.3,10
PHY,SL,OG,2013,Group 4,4.9,10
PHY,SL,P1,2013,Group 4,4.9,10
PHY,SL,P2,2013,Group 4,5.1,10
PHY,SL,P3,2013,Group 4,4.2,10
PSY,HL,IA,2013,Group 3,5.4,26
PSY,HL,OG,2013,Group 3,5.4,26
PSY,HL,P1,2013,Group 3,5.1,26
PSY,HL,P2,2013,Group 3,5.1,26
PSY,HL,P3,2013,Group 3,5.3,26
PSY,SL,IA,2013,Group 3,5.7,3
PSY,SL,OG,2013,Group 3,4.7,3
PSY,SL,P1,2013,Group 3,4.3,3
PSY,SL,P2,2013,Group 3,4.0,3
SPA ABIN,SL,IA,2013,Group 2,5.3,12
SPA ABIN,SL,OG,2013,Group 2,5.7,12
SPA ABIN,SL,P1,2013,Group 2,5.4,12
SPA ABIN,SL,P2,2013,Group 2,5.2,12
SPA ABIN,SL,WRA,2013,Group 2,6.6,12
THE,HL,IPP,2013,Group 6,5.2,13
THE,HL,OG,2013,Group 6,4.5,13
THE,HL,P&P,2013,Group 6,4.0,13
THE,HL,PPP,2013,Group 6,3.3,13
THE,HL,REI,2013,Group 6,5.0,13
VIA,HL,OG,2013,Group 6,5.2,22
VIA,HL,PA,2013,Group 6,5.0,22
VIA,HL,PB,2013,Group 6,5.0,22
VIA,SL,OG,2013,Group 6,4.8,4
VIA,SL,PA,2013,Group 6,4.5,4
VIA,SL,PB,2013,Group 6,5.5,4
B&M,HL,IA,2014,Group 3,5.2,36
B&M,HL,OG,2014,Group 3,5.2,36
B&M,HL,P1,2014,Group 3,5.1,36
B&M,HL,P2,2014,Group 3,4.9,36
B&M,SL,IA,2014,Group 3,4.8,6
B&M,SL,OG,2014,Group 3,6.0,6
B&M,SL,P1,2014,Group 3,6.5,6
B&M,SL,P2,2014,Group 3,5.8,6
BIO,HL,IA,2014,Group 4,5.1,42
BIO,HL,OG,2014,Group 4,5.1,42
BIO,HL,P1,2014,Group 4,4.8,42
BIO,HL,P2,2014,Group 4,5.1,42
BIO,HL,P3,2014,Group 4,4.7,42
BIO,SL,IA,2014,Group 4,5.0,22
BIO,SL,OG,2014,Group 4,5.4,22
BIO,SL,P1,2014,Group 4,5.0,22
BIO,SL,P2,2014,Group 4,5.2,22
BIO,SL,P3,2014,Group 4,5.5,22
CHE,HL,IA,2014,Group 4,6.3,30
CHE,HL,OG,2014,Group 4,5.6,30
CHE,HL,P1,2014,Group 4,5.5,30
CHE,HL,P2,2014,Group 4,5.3,30
CHE,HL,P3,2014,Group 4,4.9,30
CHE,SL,IA,2014,Group 4,6.0,2
CHE,SL,OG,2014,Group 4,6.0,2
CHE,SL,P1,2014,Group 4,5.0,2
CHE,SL,P2,2014,Group 4,5.5,2
CHE,SL,P3,2014,Group 4,6.0,2
CHI A L&L,HL,IA,2014,Group 1,6.7,10
CHI A L&L,HL,OG,2014,Group 1,5.8,10
CHI A L&L,HL,P1,2014,Group 1,5.7,10
CHI A L&L,HL,P2,2014,Group 1,5.0,10
CHI A L&L,HL,WRT,2014,Group 1,5.2,10
CHI A L&L,SL,IA,2014,Group 1,6.6,33
CHI A L&L,SL,OG,2014,Group 1,5.6,33
CHI A L&L,SL,P1,2014,Group 1,5.0,33
CHI A L&L,SL,P2,2014,Group 1,5.0,33
CHI A L&L,SL,WRT,2014,Group 1,5.2,33
CHI A LIT,HL,IA,2014,Group 1,6.5,4
CHI A LIT,HL,OG,2014,Group 1,5.5,4
CHI A LIT,HL,P1,2014,Group 1,5.0,4
CHI A LIT,HL,P2,2014,Group 1,3.8,4
CHI A LIT,HL,WRA,2014,Group 1,5.0,4
CHI A LIT,SL,IA,2014,Group 1,6.1,9
CHI A LIT,SL,OG,2014,Group 1,5.2,9
CHI A LIT,SL,P1,2014,Group 1,4.7,9
CHI A LIT,SL,P2,2014,Group 1,4.7,9
CHI A LIT,SL,WRA,2014,Group 1,4.4,9
CHI B,HL,IA,2014,Group 2,6.1,13
CHI B,HL,OG,2014,Group 2,5.7,13
CHI B,HL,P1,2014,Group 2,5.7,13
CHI B,HL,P2,2014,Group 2,4.8,13
CHI B,HL,WRA,2014,Group 2,5.7,13
CHI B,SL,IA,2014,Group 2,6.6,37
CHI B,SL,OG,2014,Group 2,6.5,37
CHI B,SL,P1,2014,Group 2,6.1,37
CHI B,SL,P2,2014,Group 2,6.2,37
CHI B,SL,WRA,2014,Group 2,6.5,37
D&T,HL,IA,2014,Group 4,5.1,15
D&T,HL,OG,2014,Group 4,4.9,15
D&T,HL,P1,2014,Group 4,5.0,15
D&T,HL,P2,2014,Group 4,4.0,15
D&T,HL,P3,2014,Group 4,4.7,15
D&T,SL,IA,2014,Group 4,5.8,6
D&T,SL,OG,2014,Group 4,5.8,6
D&T,SL,P1,2014,Group 4,6.5,6
D&T,SL,P2,2014,Group 4,4.8,6
D&T,SL,P3,2014,Group 4,5.0,6
ECO,HL,IA,2014,Group 3,5.8,34
ECO,HL,OG,2014,Group 3,5.7,34
ECO,HL,P1,2014,Group 3,5.6,34
ECO,HL,P2,2014,Group 3,5.2,34
ECO,HL,P3,2014,Group 3,5.8,34
ECO,SL,IA,2014,Group 3,5.9,13
ECO,SL,OG,2014,Group 3,5.8,13
ECO,SL,P1,2014,Group 3,5.6,13
ECO,SL,P2,2014,Group 3,5.7,13
ENG A L&L,HL,IA,2014,Group 1,5.4,37
ENG A L&L,HL,OG,2014,Group 1,5.8,37
ENG A L&L,HL,P1,2014,Group 1,5.5,37
ENG A L&L,HL,P2,2014,Group 1,5.7,37
ENG A L&L,HL,WRT,2014,Group 1,5.4,37
ENG A L&L,SL,IA,2014,Group 1,5.3,62
ENG A L&L,SL,OG,2014,Group 1,5.1,62
ENG A L&L,SL,P1,2014,Group 1,5.0,62
ENG A L&L,SL,P2,2014,Group 1,5.1,62
ENG A L&L,SL,WRT,2014,Group 1,4.5,62
ENG A LIT,HL,IA,2014,Group 1,5.8,32
ENG A LIT,HL,OG,2014,Group 1,5.4,32
ENG A LIT,HL,P1,2014,Group 1,5.1,32
ENG A LIT,HL,P2,2014,Group 1,5.7,32
ENG A LIT,HL,WRA,2014,Group 1,4.0,32
ENG A LIT,SL,IA,2014,Group 1,5.3,7
ENG A LIT,SL,OG,2014,Group 1,5.4,7
ENG A LIT,SL,P1,2014,Group 1,5.6,7
ENG A LIT,SL,P2,2014,Group 1,5.0,7
ENG A LIT,SL,WRA,2014,Group 1,4.7,7
ESS,SL,IA,2014,Group 4,5.2,19
ESS,SL,OG,2014,Group 4,5.3,19
ESS,SL,P1,2014,Group 4,5.1,19
ESS,SL,P2,2014,Group 4,5.4,19
FIL,SL,FIP,2014,Group 3,5.0,2
FIL,SL,IA,2014,Group 3,5.0,2
FIL,SL,OG,2014,Group 3,4.5,2
FIL,SL,PRP,2014,Group 3,4.0,2
FRE B,HL,IA,2014,Group 2,7.0,1
FRE B,HL,OG,2014,Group 2,7.0,1
FRE B,HL,P1,2014,Group 2,6.0,1
FRE B,HL,P2,2014,Group 2,7.0,1
FRE B,HL,WRA,2014,Group 2,7.0,1
GEO,HL,IA,2014,Group 3,5.9,15
GEO,HL,OG,2014,Group 3,5.8,15
GEO,HL,P1,2014,Group 3,5.7,15
GEO,HL,P2,2014,Group 3,5.6,15
GEO,HL,P3,2014,Group 3,4.9,15
GEO,SL,IA,2014,Group 3,5.3,3
GEO,SL,OG,2014,Group 3,5.7,3
GEO,SL,P1,2014,Group 3,5.3,3
GEO,SL,P2,2014,Group 3,5.3,3
GER A,SL,IA,2014,Group 1,7.0,2
GER A,SL,OG,2014,Group 1,5.5,2
GER A,SL,P1,2014,Group 1,4.5,2
GER A,SL,P2,2014,Group 1,5.0,2
GER A,SL,WRA,2014,Group 1,3.5,2
HIS,HL,IA,2014,Group 3,5.6,25
HIS,HL,OG,2014,Group 3,5.8,25
HIS,HL,P1,2014,Group 3,6.2,25
HIS,HL,P2,2014,Group 3,5.4,25
HIS,HL,P3,2014,Group 3,5.9,25
HIS,SL,IA,2014,Group 3,6.0,2
HIS,SL,OG,2014,Group 3,5.0,2
HIS,SL,P1,2014,Group 3,5.5,2
HIS,SL,P2,2014,Group 3,4.5,2
JAP A LIT,HL,IA,2014,Group 1,7.0,1
JAP A LIT,HL,OG,2014,Group 1,6.0,1
JAP A LIT,HL,P1,2014,Group 1,7.0,1
JAP A LIT,HL,P2,2014,Group 1,5.0,1
JAP A LIT,HL,WRA,2014,Group 1,6.0,1
KOR A LIT,SL,IA,2014,Group 1,7.0,1
KOR A LIT,SL,OG,2014,Group 1,7.0,1
KOR A LIT,SL,P1,2014,Group 1,6.0,1
KOR A LIT,SL,P2,2014,Group 1,6.0,1
KOR A LIT,SL,WRA,2014,Group 1,7.0,1
MAN ABIN,SL,IA,2014,Group 2,6.5,8
MAN ABIN,SL,OG,2014,Group 2,6.1,8
MAN ABIN,SL,P1,2014,Group 2,5.9,8
MAN ABIN,SL,P2,2014,Group 2,6.1,8
MAN ABIN,SL,WRA,2014,Group 2,6.1,8
MAT,HL,IA,2014,Group 5,4.5,11
MAT,HL,OG,2014,Group 5,5.7,11
MAT,HL,P1,2014,Group 5,6.0,11
MAT,HL,P2,2014,Group 5,6.4,11
MAT,HL,P3,2014,Group 5,4.8,11
MAT,SL,IA,2014,Group 5,4.2,81
MAT,SL,OG,2014,Group 5,5.2,81
MAT,SL,P1,2014,Group 5,5.3,81
MAT,SL,P2,2014,Group 5,5.6,81
MAT STUD,SL,IA,2014,Group 5,4.3,45
MAT STUD,SL,OG,2014,Group 5,4.8,45
MAT STUD,SL,P1,2014,Group 5,5.3,45
MAT STUD,SL,P2,2014,Group 5,4.7,45
MUS,HL,CRE,2014,Group 6,5.0,5
MUS,HL,MLI,2014,Group 6,3.2,5
MUS,HL,OG,2014,Group 6,4.6,5
MUS,HL,P1,2014,Group 6,5.0,5
MUS,HL,SOL,2014,Group 6,5.2,5
MUS,SL,MLI,2014,Group 6,2.0,1
MUS,SL,OG,2014,Group 6,4.0,1
MUS,SL,P1,2014,Group 6,2.0,1
MUS,SL,SOL,2014,Group 6,5.0,1
PHY,HL,IA,2014,Group 4,6.1,23
PHY,HL,OG,2014,Group 4,5.5,23
PHY,HL,P1,2014,Group 4,4.7,23
PHY,HL,P2,2014,Group 4,5.2,23
PHY,HL,P3,2014,Group 4,5.0,23
PHY,SL,IA,2014,Group 4,6.4,11
PHY,SL,OG,2014,Group 4,4.7,11
PHY,SL,P1,2014,Group 4,4.3,11
PHY,SL,P2,2014,Group 4,4.7,11
PHY,SL,P3,2014,Group 4,3.3,11
PSY,HL,IA,2014,Group 3,5.5,43
PSY,HL,OG,2014,Group 3,5.4,43
PSY,HL,P1,2014,Group 3,5.3,43
PSY,HL,P2,2014,Group 3,5.3,43
PSY,HL,P3,2014,Group 3,5.0,43
PSY,SL,IA,2014,Group 3,6.3,7
PSY,SL,OG,2014,Group 3,6.0,7
PSY,SL,P1,2014,Group 3,6.0,7
PSY,SL,P2,2014,Group 3,5.7,7
SPA ABIN,SL,IA,2014,Group 2,5.6,19
SPA ABIN,SL,OG,2014,Group 2,5.6,19
SPA ABIN,SL,P1,2014,Group 2,5.4,19
SPA ABIN,SL,P2,2014,Group 2,5.8,19
SPA ABIN,SL,WRA,2014,Group 2,4.8,19
SPO SCI,SL,IA,2014,Group 4,5.0,7
SPO SCI,SL,OG,2014,Group 4,5.3,7
SPO SCI,SL,P1,2014,Group 4,5.3,7
SPO SCI,SL,P2,2014,Group 4,4.7,7
SPO SCI,SL,P3,2014,Group 4,5.9,7
THE,HL,IPP,2014,Group 6,5.8,13
THE,HL,OG,2014,Group 6,5.6,13
THE,HL,P&P,2014,Group 6,6.0,13
THE,HL,PPP,2014,Group 6,4.5,13
THE,HL,REI,2014,Group 6,6.0,13
THE,SL,IPP,2014,Group 6,6.3,3
THE,SL,OG,2014,Group 6,7.0,3
THE,SL,P&P,2014,Group 6,6.7,3
THE,SL,PPP,2014,Group 6,7.0,3
THE,SL,REI,2014,Group 6,4.3,3
VIA,HL,OG,2014,Group 6,5.2,24
VIA,HL,PA,2014,Group 6,4.4,24
VIA,HL,PB,2014,Group 6,5.8,24
B&M,HL,IA,2015,Group 3,4.9,44
B&M,HL,OG,2015,Group 3,5.2,44
B&M,HL,P1,2015,Group 3,5.4,44
B&M,HL,P2,2015,Group 3,5.1,44
B&M,SL,IA,2015,Group 3,5.2,9
B&M,SL,OG,2015,Group 3,6.0,9
B&M,SL,P1,2015,Group 3,6.1,9
B&M,SL,P2,2015,Group 3,6.0,9
BIO,HL,IA,2015,Group 4,5.7,48
BIO,HL,OG,2015,Group 4,5.2,48
BIO,HL,P1,2015,Group 4,4.9,48
BIO,HL,P2,2015,Group 4,5.1,48
BIO,HL,P3,2015,Group 4,4.8,48
BIO,SL,IA,2015,Group 4,5.4,16
BIO,SL,OG,2015,Group 4,5.3,16
BIO,SL,P1,2015,Group 4,5.6,16
BIO,SL,P2,2015,Group 4,4.8,16
BIO,SL,P3,2015,Group 4,5.4,16
CHE,HL,IA,2015,Group 4,6.3,34
CHE,HL,OG,2015,Group 4,5.7,34
CHE,HL,P1,2015,Group 4,5.2,34
CHE,HL,P2,2015,Group 4,5.4,34
CHE,HL,P3,2015,Group 4,5.2,34
CHE,SL,IA,2015,Group 4,5.6,17
CHE,SL,OG,2015,Group 4,5.0,17
CHE,SL,P1,2015,Group 4,5.1,17
CHE,SL,P2,2015,Group 4,4.7,17
CHE,SL,P3,2015,Group 4,4.3,17
CHI A L&L,HL,IA,2015,Group 1,6.8,6
CHI A L&L,HL,OG,2015,Group 1,6.0,6
CHI A L&L,HL,P1,2015,Group 1,6.0,6
CHI A L&L,HL,P2,2015,Group 1,5.8,6
CHI A L&L,HL,WRT,2015,Group 1,5.2,6
CHI A L&L,SL,IA,2015,Group 1,6.5,33
CHI A L&L,SL,OG,2015,Group 1,5.6,33
CHI A L&L,SL,P1,2015,Group 1,5.2,32
CHI A L&L,SL,P2,2015,Group 1,4.5,33
CHI A L&L,SL,WRT,2015,Group 1,5.1,33
CHI A LIT,HL,IA,2015,Group 1,6.4,7
CHI A LIT,HL,OG,2015,Group 1,5.4,7
CHI A LIT,HL,P1,2015,Group 1,4.9,7
CHI A LIT,HL,P2,2015,Group 1,4.0,7
CHI A LIT,HL,WRA,2015,Group 1,4.9,7
CHI A LIT,SL,IA,2015,Group 1,6.7,6
CHI A LIT,SL,OG,2015,Group 1,5.8,6
CHI A LIT,SL,P1,2015,Group 1,5.3,6
CHI A LIT,SL,P2,2015,Group 1,4.5,6
CHI A LIT,SL,WRA,2015,Group 1,5.0,6
CHI B,HL,IA,2015,Group 2,6.0,18
CHI B,HL,OG,2015,Group 2,6.1,18
CHI B,HL,P1,2015,Group 2,5.8,18
CHI B,HL,P2,2015,Group 2,5.5,18
CHI B,HL,WRA,2015,Group 2,6.3,18
CHI B,SL,IA,2015,Group 2,6.5,25
CHI B,SL,OG,2015,Group 2,6.7,25
CHI B,SL,P1,2015,Group 2,6.2,25
CHI B,SL,P2,2015,Group 2,6.3,25
CHI B,SL,WRA,2015,Group 2,6.7,25
D&T,HL,IA,2015,Group 4,5.4,8
D&T,HL,OG,2015,Group 4,5.0,8
D&T,HL,P1,2015,Group 4,5.1,8
D&T,HL,P2,2015,Group 4,4.1,8
D&T,HL,P3,2015,Group 4,5.4,8
D&T,SL,IA,2015,Group 4,5.4,5
D&T,SL,OG,2015,Group 4,4.8,5
D&T,SL,P1,2015,Group 4,5.2,5
D&T,SL,P2,2015,Group 4,5.0,5
D&T,SL,P3,2015,Group 4,3.6,5
ECO,HL,IA,2015,Group 3,6.3,27
ECO,HL,OG,2015,Group 3,6.2,27
ECO,HL,P1,2015,Group 3,6.1,27
ECO,HL,P2,2015,Group 3,6.0,27
ECO,HL,P3,2015,Group 3,6.1,27
ECO,SL,IA,2015,Group 3,5.9,9
ECO,SL,OG,2015,Group 3,5.7,9
ECO,SL,P1,2015,Group 3,5.4,9
ECO,SL,P2,2015,Group 3,5.2,9
ENG A L&L,HL,IA,2015,Group 1,4.4,24
ENG A L&L,HL,OG,2015,Group 1,5.4,24
ENG A L&L,HL,P1,2015,Group 1,5.3,24
ENG A L&L,HL,P2,2015,Group 1,5.8,24
ENG A L&L,HL,WRT,2015,Group 1,4.8,24
ENG A L&L,SL,IA,2015,Group 1,4.5,55
ENG A L&L,SL,OG,2015,Group 1,5.4,55
ENG A L&L,SL,P1,2015,Group 1,5.2,55
ENG A L&L,SL,P2,2015,Group 1,5.0,55
ENG A L&L,SL,WRT,2015,Group 1,6.2,55
ENG A LIT,HL,IA,2015,Group 1,4.5,24
ENG A LIT,HL,OG,2015,Group 1,5.2,24
ENG A LIT,HL,P1,2015,Group 1,5.2,24
ENG A LIT,HL,P2,2015,Group 1,5.8,24
ENG A LIT,HL,WRA,2015,Group 1,4.9,24
ENG A LIT,SL,IA,2015,Group 1,5.0,21
ENG A LIT,SL,OG,2015,Group 1,5.3,21
ENG A LIT,SL,P1,2015,Group 1,5.2,21
ENG A LIT,SL,P2,2015,Group 1,5.7,21
ENG A LIT,SL,WRA,2015,Group 1,4.3,21
ESS,SL,IA,2015,Group 4,4.6,5
ESS,SL,OG,2015,Group 4,4.8,5
ESS,SL,P1,2015,Group 4,3.8,5
ESS,SL,P2,2015,Group 4,5.2,5
GEO,HL,IA,2015,Group 3,4.5,13
GEO,HL,OG,2015,Group 3,5.6,13
GEO,HL,P1,2015,Group 3,5.9,13
GEO,HL,P2,2015,Group 3,5.9,13
GEO,HL,P3,2015,Group 3,5.4,13
GEO,SL,IA,2015,Group 3,4.6,5
GEO,SL,OG,2015,Group 3,5.6,5
GEO,SL,P1,2015,Group 3,5.8,5
GEO,SL,P2,2015,Group 3,5.2,5
HIS,HL,IA,2015,Group 3,5.7,17
HIS,HL,OG,2015,Group 3,5.7,17
HIS,HL,P1,2015,Group 3,6.4,17
HIS,HL,P2,2015,Group 3,4.8,17
HIS,HL,P3,2015,Group 3,5.9,17
HIS,SL,IA,2015,Group 3,5.5,4
HIS,SL,OG,2015,Group 3,6.0,4
HIS,SL,P1,2015,Group 3,6.5,4
HIS,SL,P2,2015,Group 3,5.5,4
MAN ABIN,SL,IA,2015,Group 2,5.3,10
MAN ABIN,SL,OG,2015,Group 2,5.7,10
MAN ABIN,SL,P1,2015,Group 2,5.3,10
MAN ABIN,SL,P2,2015,Group 2,5.8,10
MAN ABIN,SL,WRA,2015,Group 2,5.7,10
MAT,HL,IA,2015,Group 5,4.7,15
MAT,HL,OG,2015,Group 5,5.6,15
MAT,HL,P1,2015,Group 5,5.8,15
MAT,HL,P2,2015,Group 5,5.7,15
MAT,HL,P3,2015,Group 5,5.1,15
MAT,SL,IA,2015,Group 5,4.3,76
MAT,SL,OG,2015,Group 5,5.1,76
MAT,SL,P1,2015,Group 5,5.1,76
MAT,SL,P2,2015,Group 5,5.3,76
MAT STUD,SL,IA,2015,Group 5,4.8,34
MAT STUD,SL,OG,2015,Group 5,5.2,34
MAT STUD,SL,P1,2015,Group 5,5.3,34
MAT STUD,SL,P2,2015,Group 5,5.3,34
MUS,HL,CRE,2015,Group 6,6.0,1
MUS,HL,MLI,2015,Group 6,7.0,1
MUS,HL,OG,2015,Group 6,7.0,1
MUS,HL,P1,2015,Group 6,6.0,1
MUS,HL,SOL,2015,Group 6,7.0,1
PHY,HL,IA,2015,Group 4,6.5,23
PHY,HL,OG,2015,Group 4,5.6,23
PHY,HL,P1,2015,Group 4,4.9,23
PHY,HL,P2,2015,Group 4,5.0,23
PHY,HL,P3,2015,Group 4,5.3,23
PHY,SL,IA,2015,Group 4,5.4,7
PHY,SL,OG,2015,Group 4,5.0,7
PHY,SL,P1,2015,Group 4,4.9,7
PHY,SL,P2,2015,Group 4,4.6,7
PHY,SL,P3,2015,Group 4,5.0,7
PSY,HL,IA,2015,Group 3,5.3,33
PSY,HL,OG,2015,Group 3,5.2,33
PSY,HL,P1,2015,Group 3,5.4,33
PSY,HL,P2,2015,Group 3,4.8,33
PSY,HL,P3,2015,Group 3,5.0,33
PSY,SL,IA,2015,Group 3,6.6,9
PSY,SL,OG,2015,Group 3,6.0,9
PSY,SL,P1,2015,Group 3,5.7,9
PSY,SL,P2,2015,Group 3,5.3,9
SPA A LIT,SL,IA,2015,Group 1,3.0,1
SPA A LIT,SL,OG,2015,Group 1,3.0,1
SPA A LIT,SL,P1,2015,Group 1,2.0,1
SPA A LIT,SL,P2,2015,Group 1,3.0,1
SPA A LIT,SL,WRA,2015,Group 1,3.0,1
SPA ABIN,SL,IA,2015,Group 2,5.4,18
SPA ABIN,SL,OG,2015,Group 2,5.9,18
SPA ABIN,SL,P1,2015,Group 2,5.5,18
SPA ABIN,SL,P2,2015,Group 2,5.8,18
SPA ABIN,SL,WRA,2015,Group 2,6.1,18
SPO SCI,SL,IA,2015,Group 4,5.1,8
SPO SCI,SL,OG,2015,Group 4,5.5,8
SPO SCI,SL,P1,2015,Group 4,5.9,8
SPO SCI,SL,P2,2015,Group 4,5.1,8
SPO SCI,SL,P3,2015,Group 4,5.5,8
THE,HL,IPP,2015,Group 6,5.2,10
THE,HL,OG,2015,Group 6,5.7,10
THE,HL,P&P,2015,Group 6,6.1,10
THE,HL,PPP,2015,Group 6,6.1,10
THE,HL,REI,2015,Group 6,5.2,10
VIA,HL,OG,2015,Group 6,6.0,21
VIA,HL,PA,2015,Group 6,5.3,21
VIA,HL,PB,2015,Group 6,6.1,18
B&M,HL,IA,2016,Group 3,5.8,23
B&M,HL,OG,2016,Group 3,5.8,23
B&M,HL,P1,2016,Group 3,5.7,23
B&M,HL,P2,2016,Group 3,5.6,23
B&M,SL,IA,2016,Group 3,6.2,4
B&M,SL,OG,2016,Group 3,6.5,4
B&M,SL,P1,2016,Group 3,6.5,4
B&M,SL,P2,2016,Group 3,6.0,4
BIO,HL,IA,2016,Group 4,4.9,39
BIO,HL,OG,2016,Group 4,5.2,39
BIO,HL,P1,2016,Group 4,5.4,39
BIO,HL,P2,2016,Group 4,5.1,39
BIO,HL,P3,2016,Group 4,4.6,39
BIO,SL,IA,2016,Group 4,4.5,22
BIO,SL,OG,2016,Group 4,5.0,22
BIO,SL,P1,2016,Group 4,5.0,22
BIO,SL,P2,2016,Group 4,5.0,22
BIO,SL,P3,2016,Group 4,5.0,22
CHE,HL,IA,2016,Group 4,5.3,35
CHE,HL,OG,2016,Group 4,5.5,35
CHE,HL,P1,2016,Group 4,5.4,35
CHE,HL,P2,2016,Group 4,5.5,35
CHE,HL,P3,2016,Group 4,5.4,35
CHE,SL,IA,2016,Group 4,4.9,11
CHE,SL,OG,2016,Group 4,5.5,11
CHE,SL,P1,2016,Group 4,4.9,11
CHE,SL,P2,2016,Group 4,5.9,11
CHE,SL,P3,2016,Group 4,5.8,11
CHI A L&L,HL,IA,2016,Group 1,6.8,13
CHI A L&L,HL,OG,2016,Group 1,5.9,13
CHI A L&L,HL,P1,2016,Group 1,5.0,13
CHI A L&L,HL,P2,2016,Group 1,5.2,13
CHI A L&L,HL,WRT,2016,Group 1,5.9,13
CHI A L&L,SL,IA,2016,Group 1,6.8,25
CHI A L&L,SL,OG,2016,Group 1,5.8,25
CHI A L&L,SL,P1,2016,Group 1,4.9,25
CHI A L&L,SL,P2,2016,Group 1,5.0,25
CHI A L&L,SL,WRT,2016,Group 1,5.7,25
CHI A LIT,HL,IA,2016,Group 1,6.0,1
CHI A LIT,HL,OG,2016,Group 1,5.0,1
CHI A LIT,HL,P1,2016,Group 1,5.0,1
CHI A LIT,HL,P2,2016,Group 1,5.0,1
CHI A LIT,HL,WRA,2016,Group 1,4.0,1
CHI A LIT,SL,IA,2016,Group 1,6.0,7
CHI A LIT,SL,OG,2016,Group 1,5.1,7
CHI A LIT,SL,P1,2016,Group 1,3.9,7
CHI A LIT,SL,P2,2016,Group 1,4.1,7
CHI A LIT,SL,WRA,2016,Group 1,4.6,7
CHI B,HL,IA,2016,Group 2,6.2,25
CHI B,HL,OG,2016,Group 2,5.9,25
CHI B,HL,P1,2016,Group 2,5.8,25
CHI B,HL,P2,2016,Group 2,5.6,25
CHI B,HL,WRA,2016,Group 2,5.8,25
CHI B,SL,IA,2016,Group 2,6.6,35
CHI B,SL,OG,2016,Group 2,6.6,35
CHI B,SL,P1,2016,Group 2,6.0,35
CHI B,SL,P2,2016,Group 2,6.2,35
CHI B,SL,WRA,2016,Group 2,6.9,35
D&T,HL,IA,2016,Group 4,5.2,12
D&T,HL,OG,2016,Group 4,5.2,12
D&T,HL,P1,2016,Group 4,6.1,12
D&T,HL,P2,2016,Group 4,5.0,12
D&T,HL,P3,2016,Group 4,5.4,12
D&T,SL,IA,2016,Group 4,5.0,5
D&T,SL,OG,2016,Group 4,4.8,5
D&T,SL,P1,2016,Group 4,4.4,5
D&T,SL,P2,2016,Group 4,4.6,5
ECO,HL,IA,2016,Group 3,5.9,41
ECO,HL,OG,2016,Group 3,6.0,41
ECO,HL,P1,2016,Group 3,5.9,41
ECO,HL,P2,2016,Group 3,6.0,41
ECO,HL,P3,2016,Group 3,6.0,41
ECO,SL,IA,2016,Group 3,6.0,7
ECO,SL,OG,2016,Group 3,6.3,7
ECO,SL,P1,2016,Group 3,6.5,6
ECO,SL,P2,2016,Group 3,6.0,7
ENG A L&L,HL,IA,2016,Group 1,6.2,28
ENG A L&L,HL,OG,2016,Group 1,5.8,28
ENG A L&L,HL,P1,2016,Group 1,5.3,28
ENG A L&L,HL,P2,2016,Group 1,5.3,28
ENG A L&L,HL,WRT,2016,Group 1,5.8,28
ENG A L&L,SL,IA,2016,Group 1,6.1,72
ENG A L&L,SL,OG,2016,Group 1,5.8,72
ENG A L&L,SL,P1,2016,Group 1,5.4,72
ENG A L&L,SL,P2,2016,Group 1,5.0,72
ENG A L&L,SL,WRT,2016,Group 1,5.8,72
ENG A LIT,HL,IA,2016,Group 1,5.2,17
ENG A LIT,HL,OG,2016,Group 1,5.2,17
ENG A LIT,HL,P1,2016,Group 1,4.9,17
ENG A LIT,HL,P2,2016,Group 1,5.4,17
ENG A LIT,HL,WRA,2016,Group 1,4.7,17
ENG A LIT,SL,IA,2016,Group 1,5.3,11
ENG A LIT,SL,OG,2016,Group 1,5.4,11
ENG A LIT,SL,P1,2016,Group 1,5.1,11
ENG A LIT,SL,P2,2016,Group 1,5.4,11
ENG A LIT,SL,WRA,2016,Group 1,5.4,11
ESS,SL,IA,2016,Group 4,4.2,12
ESS,SL,OG,2016,Group 4,5.3,12
ESS,SL,P1,2016,Group 4,4.6,12
ESS,SL,P2,2016,Group 4,5.8,12
FIL,SL,FIP,2016,Group 3,7.0,2
FIL,SL,INS,2016,Group 3,5.5,2
FIL,SL,OG,2016,Group 3,6.5,2
FIL,SL,PP,2016,Group 3,7.0,2
GEO,HL,IA,2016,Group 3,5.6,44
GEO,HL,OG,2016,Group 3,5.6,44
GEO,HL,P1,2016,Group 3,5.8,44
GEO,HL,P2,2016,Group 3,5.4,44
GEO,HL,P3,2016,Group 3,5.0,44
GEO,SL,IA,2016,Group 3,6.0,8
GEO,SL,OG,2016,Group 3,6.0,8
GEO,SL,P1,2016,Group 3,5.9,8
GEO,SL,P2,2016,Group 3,6.0,8
GER A LIT,SL,IA,2016,Group 1,7.0,1
GER A LIT,SL,OG,2016,Group 1,6.0,1
GER A LIT,SL,P1,2016,Group 1,6.0,1
GER A LIT,SL,P2,2016,Group 1,7.0,1
GER A LIT,SL,WRA,2016,Group 1,3.0,1
HIS,HL,IA,2016,Group 3,6.4,12
HIS,HL,OG,2016,Group 3,5.7,12
HIS,HL,P1,2016,Group 3,5.9,12
HIS,HL,P2,2016,Group 3,5.3,12
HIS,HL,P3,2016,Group 3,5.0,12
HIS,SL,IA,2016,Group 3,6.0,1
HIS,SL,OG,2016,Group 3,7.0,1
HIS,SL,P1,2016,Group 3,7.0,1
HIS,SL,P2,2016,Group 3,7.0,1
ITG,HL,IA,2016,Group 3,6.0,1
ITG,HL,OG,2016,Group 3,6.0,1
ITG,HL,P1,2016,Group 3,6.0,1
ITG,HL,P2,2016,Group 3,5.0,1
ITG,HL,P3,2016,Group 3,5.0,1
MAN ABIN,SL,IA,2016,Group 2,5.5,10
MAN ABIN,SL,OG,2016,Group 2,5.9,10
MAN ABIN,SL,P1,2016,Group 2,5.2,10
MAN ABIN,SL,P2,2016,Group 2,5.5,10
MAN ABIN,SL,WRA,2016,Group 2,6.6,10
MAT,HL,IA,2016,Group 5,3.7,11
MAT,HL,OG,2016,Group 5,5.3,11
MAT,HL,P1,2016,Group 5,5.8,11
MAT,HL,P2,2016,Group 5,5.8,11
MAT,HL,P3,2016,Group 5,5.6,11
MAT,SL,IA,2016,Group 5,4.7,80
MAT,SL,OG,2016,Group 5,5.4,80
MAT,SL,P1,2016,Group 5,5.5,80
MAT,SL,P2,2016,Group 5,5.6,80
MAT STUD,SL,IA,2016,Group 5,4.5,39
MAT STUD,SL,OG,2016,Group 5,5.3,39
MAT STUD,SL,P1,2016,Group 5,5.6,39
MAT STUD,SL,P2,2016,Group 5,5.1,39
MUS,HL,CRE,2016,Group 6,5.0,5
MUS,HL,MLI,2016,Group 6,5.2,5
MUS,HL,OG,2016,Group 6,5.6,5
MUS,HL,P1,2016,Group 6,4.8,5
MUS,HL,SOL,2016,Group 6,5.6,5
PHY,HL,IA,2016,Group 4,6.1,18
PHY,HL,OG,2016,Group 4,5.3,18
PHY,HL,P1,2016,Group 4,4.5,18
PHY,HL,P2,2016,Group 4,4.9,18
PHY,HL,P3,2016,Group 4,5.3,18
PHY,SL,IA,2016,Group 4,5.0,7
PHY,SL,OG,2016,Group 4,5.3,7
PHY,SL,P1,2016,Group 4,4.4,7
PHY,SL,P2,2016,Group 4,5.3,7
PHY,SL,P3,2016,Group 4,4.4,7
PSY,HL,IA,2016,Group 3,5.8,27
PSY,HL,OG,2016,Group 3,5.8,27
PSY,HL,P1,2016,Group 3,5.7,27
PSY,HL,P2,2016,Group 3,5.4,27
PSY,HL,P3,2016,Group 3,6.1,27
PSY,SL,IA,2016,Group 3,6.3,6
PSY,SL,OG,2016,Group 3,6.2,6
PSY,SL,P1,2016,Group 3,5.5,6
PSY,SL,P2,2016,Group 3,5.8,6
SPA ABIN,SL,IA,2016,Group 2,5.4,14
SPA ABIN,SL,OG,2016,Group 2,5.7,14
SPA ABIN,SL,P1,2016,Group 2,5.1,14
SPA ABIN,SL,P2,2016,Group 2,5.5,14
SPA ABIN,SL,WRA,2016,Group 2,6.6,14
SPO SCI,SL,IA,2016,Group 4,4.7,7
SPO SCI,SL,OG,2016,Group 4,5.6,7
SPO SCI,SL,P1,2016,Group 4,5.6,7
SPO SCI,SL,P2,2016,Group 4,5.3,7
SPO SCI,SL,P3,2016,Group 4,6.1,7
THE,HL,COP,2016,Group 6,5.6,17
THE,HL,DIN,2016,Group 6,5.6,17
THE,HL,OG,2016,Group 6,5.7,17
THE,HL,REP,2016,Group 6,5.6,17
THE,HL,SLP,2016,Group 6,5.5,17
THE,SL,COP,2016,Group 6,5.5,2
THE,SL,DIN,2016,Group 6,6.0,2
THE,SL,OG,2016,Group 6,5.5,2
THE,SL,REP,2016,Group 6,5.0,2
VIA,HL,COS,2016,Group 6,6.7,18
VIA,HL,EXH,2016,Group 6,5.0,18
VIA,HL,OG,2016,Group 6,6.3,18
VIA,HL,PP,2016,Group 6,6.4,18
VIA,SL,COS,2016,Group 6,5.5,2
VIA,SL,EXH,2016,Group 6,5.0,2
VIA,SL,OG,2016,Group 6,6.0,2
VIA,SL,PP,2016,Group 6,7.0,2
B&M,HL,IA,2017,Group 3,6.1,26
B&M,HL,OG,2017,Group 3,6.0,26
B&M,HL,P1,2017,Group 3,6.1,26
B&M,HL,P2,2017,Group 3,5.8,26
B&M,SL,IA,2017,Group 3,5.2,6
B&M,SL,OG,2017,Group 3,6.0,6
B&M,SL,P1,2017,Group 3,5.8,6
B&M,SL,P2,2017,Group 3,6.2,6
BIO,HL,IA,2017,Group 4,4.9,54
BIO,HL,OG,2017,Group 4,5.1,54
BIO,HL,P1,2017,Group 4,5.3,54
BIO,HL,P2,2017,Group 4,4.9,54
BIO,HL,P3,2017,Group 4,4.9,54
BIO,SL,IA,2017,Group 4,4.8,20
BIO,SL,OG,2017,Group 4,5.4,20
BIO,SL,P1,2017,Group 4,5.2,20
BIO,SL,P2,2017,Group 4,5.6,20
BIO,SL,P3,2017,Group 4,5.2,20
CHE,HL,IA,2017,Group 4,5.6,45
CHE,HL,OG,2017,Group 4,5.3,45
CHE,HL,P1,2017,Group 4,5.2,45
CHE,HL,P2,2017,Group 4,5.1,45
CHE,HL,P3,2017,Group 4,4.8,45
CHE,SL,IA,2017,Group 4,5.7,7
CHE,SL,OG,2017,Group 4,5.6,7
CHE,SL,P1,2017,Group 4,5.9,7
CHE,SL,P2,2017,Group 4,5.6,7
CHE,SL,P3,2017,Group 4,5.3,7
CHI A L&L,HL,IA,2017,Group 1,6.2,12
CHI A L&L,HL,OG,2017,Group 1,5.5,12
CHI A L&L,HL,P1,2017,Group 1,4.4,12
CHI A L&L,HL,P2,2017,Group 1,4.5,12
CHI A L&L,HL,WRT,2017,Group 1,5.2,12
CHI A L&L,SL,IA,2017,Group 1,6.5,32
CHI A L&L,SL,OG,2017,Group 1,5.5,32
CHI A L&L,SL,P1,2017,Group 1,4.8,32
CHI A L&L,SL,P2,2017,Group 1,4.9,32
CHI A L&L,SL,WRT,2017,Group 1,5.3,32
CHI A LIT,HL,IA,2017,Group 1,5.0,1
CHI A LIT,HL,OG,2017,Group 1,5.0,1
CHI A LIT,HL,P1,2017,Group 1,5.0,1
CHI A LIT,HL,P2,2017,Group 1,6.0,1
CHI A LIT,HL,WRA,2017,Group 1,5.0,1
CHI A LIT,SL,IA,2017,Group 1,6.5,14
CHI A LIT,SL,OG,2017,Group 1,5.3,14
CHI A LIT,SL,P1,2017,Group 1,4.1,14
CHI A LIT,SL,P2,2017,Group 1,4.3,14
CHI A LIT,SL,WRA,2017,Group 1,4.9,14
CHI B,HL,IA,2017,Group 2,6.4,24
CHI B,HL,OG,2017,Group 2,6.3,24
CHI B,HL,P1,2017,Group 2,5.8,24
CHI B,HL,P2,2017,Group 2,5.7,24
CHI B,HL,WRA,2017,Group 2,6.7,24
CHI B,SL,IA,2017,Group 2,6.2,32
CHI B,SL,OG,2017,Group 2,6.2,32
CHI B,SL,P1,2017,Group 2,5.3,32
CHI B,SL,P2,2017,Group 2,5.9,32
CHI B,SL,WRA,2017,Group 2,6.9,32
D&T,HL,IA,2017,Group 4,6.4,8
D&T,HL,OG,2017,Group 4,5.9,8
D&T,HL,P1,2017,Group 4,5.4,8
D&T,HL,P2,2017,Group 4,5.9,8
D&T,HL,P3,2017,Group 4,5.1,8
D&T,SL,IA,2017,Group 4,5.5,2
D&T,SL,OG,2017,Group 4,5.0,2
D&T,SL,P1,2017,Group 4,5.0,2
D&T,SL,P2,2017,Group 4,4.0,2
ECO,HL,IA,2017,Group 3,6.0,43
ECO,HL,OG,2017,Group 3,5.8,43
ECO,HL,P1,2017,Group 3,5.4,43
ECO,HL,P2,2017,Group 3,5.5,43
ECO,HL,P3,2017,Group 3,6.0,43
ECO,SL,IA,2017,Group 3,5.9,10
ECO,SL,OG,2017,Group 3,5.7,10
ECO,SL,P1,2017,Group 3,6.1,10
ECO,SL,P2,2017,Group 3,5.4,10
ENG A L&L,HL,IA,2017,Group 1,5.5,31
ENG A L&L,HL,OG,2017,Group 1,5.7,31
ENG A L&L,HL,P1,2017,Group 1,5.3,31
ENG A L&L,HL,P2,2017,Group 1,5.5,31
ENG A L&L,HL,WRT,2017,Group 1,5.6,31
ENG A L&L,SL,IA,2017,Group 1,5.5,73
ENG A L&L,SL,OG,2017,Group 1,5.6,73
ENG A L&L,SL,P1,2017,Group 1,5.3,73
ENG A L&L,SL,P2,2017,Group 1,5.0,73
ENG A L&L,SL,WRT,2017,Group 1,5.6,73
ENG A LIT,HL,IA,2017,Group 1,5.4,21
ENG A LIT,HL,OG,2017,Group 1,5.4,21
ENG A LIT,HL,P1,2017,Group 1,4.7,21
ENG A LIT,HL,P2,2017,Group 1,5.5,21
ENG A LIT,HL,WRA,2017,Group 1,5.1,21
ENG A LIT,SL,IA,2017,Group 1,5.5,13
ENG A LIT,SL,OG,2017,Group 1,5.2,13
ENG A LIT,SL,P1,2017,Group 1,4.8,13
ENG A LIT,SL,P2,2017,Group 1,4.9,13
ENG A LIT,SL,WRA,2017,Group 1,5.4,13
ESS,SL,IA,2017,Group 4,4.4,16
ESS,SL,OG,2017,Group 4,4.9,16
ESS,SL,P1,2017,Group 4,4.0,16
ESS,SL,P2,2017,Group 4,5.2,16
FRE ABIN,SL,IA,2017,Group 2,7.0,1
FRE ABIN,SL,OG,2017,Group 2,7.0,1
FRE ABIN,SL,P1,2017,Group 2,7.0,1
FRE ABIN,SL,P2,2017,Group 2,6.0,1
FRE ABIN,SL,WRA,2017,Group 2,7.0,1
GEO,HL,IA,2017,Group 3,5.4,16
GEO,HL,OG,2017,Group 3,5.6,16
GEO,HL,P1,2017,Group 3,5.8,16
GEO,HL,P2,2017,Group 3,5.6,16
GEO,HL,P3,2017,Group 3,5.0,16
GEO,SL,IA,2017,Group 3,5.0,2
GEO,SL,OG,2017,Group 3,4.5,2
GEO,SL,P1,2017,Group 3,4.5,2
GEO,SL,P2,2017,Group 3,4.0,2
HIS,HL,IA,2017,Group 3,5.5,21
HIS,HL,OG,2017,Group 3,5.5,21
HIS,HL,P1,2017,Group 3,5.5,21
HIS,HL,P2,2017,Group 3,4.9,21
HIS,HL,P3,2017,Group 3,5.8,21
HIS,SL,IA,2017,Group 3,7.0,1
HIS,SL,OG,2017,Group 3,6.0,1
HIS,SL,P1,2017,Group 3,6.0,1
HIS,SL,P2,2017,Group 3,5.0,1
ITG,HL,IA,2017,Group 3,6.0,1
ITG,HL,OG,2017,Group 3,6.0,1
ITG,HL,P1,2017,Group 3,7.0,1
ITG,HL,P2,2017,Group 3,7.0,1
ITG,HL,P3,2017,Group 3,7.0,1
MAN ABIN,SL,IA,2017,Group 2,6.2,4
MAN ABIN,SL,OG,2017,Group 2,5.2,4
MAN ABIN,SL,P1,2017,Group 2,4.8,4
MAN ABIN,SL,P2,2017,Group 2,4.8,4
MAN ABIN,SL,WRA,2017,Group 2,6.0,4
MAT,HL,IA,2017,Group 5,4.7,14
MAT,HL,OG,2017,Group 5,5.6,14
MAT,HL,P1,2017,Group 5,6.1,14
MAT,HL,P2,2017,Group 5,5.6,14
MAT,HL,P3,2017,Group 5,5.4,14
MAT,SL,IA,2017,Group 5,5.1,88
MAT,SL,OG,2017,Group 5,5.0,88
MAT,SL,P1,2017,Group 5,5.0,88
MAT,SL,P2,2017,Group 5,4.6,88
MAT STUD,SL,IA,2017,Group 5,5.7,35
MAT STUD,SL,OG,2017,Group 5,5.5,35
MAT STUD,SL,P1,2017,Group 5,5.6,35
MAT STUD,SL,P2,2017,Group 5,5.2,35
MUS,HL,IA,2017,Group 6,5.6,8
MUS,HL,OG,2017,Group 6,5.6,8
MUS,HL,P1,2017,Group 6,4.6,8
MUS,HL,PP,2017,Group 6,5.9,8
MUS,HL,PRO,2017,Group 6,5.8,8
PHI,SL,IA,2017,Group 3,6.0,1
PHI,SL,OG,2017,Group 3,6.0,1
PHI,SL,P1,2017,Group 3,6.0,1
PHI,SL,P2,2017,Group 3,6.0,1
PHY,HL,IA,2017,Group 4,5.6,21
PHY,HL,OG,2017,Group 4,5.1,21
PHY,HL,P1,2017,Group 4,4.8,21
PHY,HL,P2,2017,Group 4,5.3,21
PHY,HL,P3,2017,Group 4,4.3,21
PHY,SL,IA,2017,Group 4,5.6,7
PHY,SL,OG,2017,Group 4,5.0,7
PHY,SL,P1,2017,Group 4,4.3,7
PHY,SL,P2,2017,Group 4,5.0,7
PHY,SL,P3,2017,Group 4,4.0,7
PSY,HL,IA,2017,Group 3,6.3,42
PSY,HL,OG,2017,Group 3,5.8,42
PSY,HL,P1,2017,Group 3,5.6,42
PSY,HL,P2,2017,Group 3,5.1,42
PSY,HL,P3,2017,Group 3,5.6,42
PSY,SL,IA,2017,Group 3,7.0,6
PSY,SL,OG,2017,Group 3,6.5,6
PSY,SL,P1,2017,Group 3,6.0,6
PSY,SL,P2,2017,Group 3,6.0,6
SPA ABIN,SL,IA,2017,Group 2,5.0,20
SPA ABIN,SL,OG,2017,Group 2,5.4,20
SPA ABIN,SL,P1,2017,Group 2,5.2,20
SPA ABIN,SL,P2,2017,Group 2,5.1,20
SPA ABIN,SL,WRA,2017,Group 2,6.4,20
SPO SCI,SL,IA,2017,Group 4,4.1,14
SPO SCI,SL,OG,2017,Group 4,4.8,14
SPO SCI,SL,P1,2017,Group 4,4.9,14
SPO SCI,SL,P2,2017,Group 4,4.3,14
SPO SCI,SL,P3,2017,Group 4,5.6,14
THE,HL,COP,2017,Group 6,5.3,12
THE,HL,CRE,2017,Group 6,5.3,12
THE,HL,MLI,2017,Group 6,5.5,12
THE,HL,OG,2017,Group 6,5.6,12
THE,HL,SOL,2017,Group 6,5.7,12
THE,SL,CRE,2017,Group 6,6.5,2
THE,SL,MLI,2017,Group 6,7.0,2
THE,SL,OG,2017,Group 6,7.0,2
THE,SL,SOL,2017,Group 6,6.0,2
VIA,HL,DIN,2017,Group 6,5.6,16
VIA,HL,OG,2017,Group 6,6.3,16
VIA,HL,REP,2017,Group 6,6.3,16
VIA,HL,SLP,2017,Group 6,6.2,16
VIA,SL,DIN,2017,Group 6,5.0,1
VIA,SL,OG,2017,Group 6,6.0,1
VIA,SL,REP,2017,Group 6,6.0,1
VIA,SL,SLP,2017,Group 6,6.0,1
B&M,HL,IA,2018,Group 3,5.3,25
B&M,HL,OG,2018,Group 3,5.6,25
B&M,HL,P1,2018,Group 3,5.9,25
B&M,HL,P2,2018,Group 3,5.5,25
B&M,SL,IA,2018,Group 3,4.5,2
B&M,SL,OG,2018,Group 3,5.5,2
B&M,SL,P1,2018,Group 3,5.5,2
B&M,SL,P2,2018,Group 3,6.0,2
BIO,HL,IA,2018,Group 4,5.2,51
BIO,HL,OG,2018,Group 4,5.3,51
BIO,HL,P1,2018,Group 4,5.3,51
BIO,HL,P2,2018,Group 4,5.0,51
BIO,HL,P3,2018,Group 4,5.1,51
BIO,SL,IA,2018,Group 4,4.9,14
BIO,SL,OG,2018,Group 4,5.4,14
BIO,SL,P1,2018,Group 4,5.6,14
BIO,SL,P2,2018,Group 4,5.4,14
BIO,SL,P3,2018,Group 4,5.4,14
CHE,HL,IA,2018,Group 4,5.8,45
CHE,HL,OG,2018,Group 4,5.4,45
CHE,HL,P1,2018,Group 4,5.4,45
CHE,HL,P2,2018,Group 4,5.2,45
CHE,HL,P3,2018,Group 4,4.9,45
CHE,SL,IA,2018,Group 4,5.6,14
CHE,SL,OG,2018,Group 4,5.5,14
CHE,SL,P1,2018,Group 4,5.6,14
CHE,SL,P2,2018,Group 4,5.1,14
CHE,SL,P3,2018,Group 4,5.7,14
CHI A L&L,HL,IA,2018,Group 1,6.5,11
CHI A L&L,HL,OG,2018,Group 1,5.4,11
CHI A L&L,HL,P1,2018,Group 1,4.9,11
CHI A L&L,HL,P2,2018,Group 1,4.4,11
CHI A L&L,HL,WRT,2018,Group 1,5.1,11
CHI A L&L,SL,IA,2018,Group 1,6.5,35
CHI A L&L,SL,OG,2018,Group 1,5.6,35
CHI A L&L,SL,P1,2018,Group 1,4.8,35
CHI A L&L,SL,P2,2018,Group 1,4.8,35
CHI A L&L,SL,WRT,2018,Group 1,5.3,35
CHI A LIT,HL,IA,2018,Group 1,7.0,1
CHI A LIT,HL,OG,2018,Group 1,5.0,1
CHI A LIT,HL,P1,2018,Group 1,5.0,1
CHI A LIT,HL,P2,2018,Group 1,5.0,1
CHI A LIT,HL,WRA,2018,Group 1,4.0,1
CHI A LIT,SL,IA,2018,Group 1,5.9,7
CHI A LIT,SL,OG,2018,Group 1,5.0,7
CHI A LIT,SL,P1,2018,Group 1,3.6,7
CHI A LIT,SL,P2,2018,Group 1,4.9,7
CHI A LIT,SL,WRA,2018,Group 1,4.7,7
CHI B,HL,IA,2018,Group 2,6.2,29
CHI B,HL,OG,2018,Group 2,6.0,29
CHI B,HL,P1,2018,Group 2,5.5,29
CHI B,HL,P2,2018,Group 2,5.5,29
CHI B,HL,WRA,2018,Group 2,6.6,29
CHI B,SL,IA,2018,Group 2,6.0,22
CHI B,SL,OG,2018,Group 2,6.1,22
CHI B,SL,P1,2018,Group 2,5.5,22
CHI B,SL,P2,2018,Group 2,5.5,22
CHI B,SL,WRA,2018,Group 2,6.8,22
D&T,HL,IA,2018,Group 4,6.5,6
D&T,HL,OG,2018,Group 4,6.0,6
D&T,HL,P1,2018,Group 4,6.5,6
D&T,HL,P2,2018,Group 4,5.7,6
D&T,HL,P3,2018,Group 4,5.3,6
D&T,SL,IA,2018,Group 4,4.5,4
D&T,SL,OG,2018,Group 4,5.0,4
D&T,SL,P1,2018,Group 4,6.5,4
D&T,SL,P2,2018,Group 4,5.2,4
ECO,HL,IA,2018,Group 3,5.9,47
ECO,HL,OG,2018,Group 3,6.1,47
ECO,HL,P1,2018,Group 3,5.6,47
ECO,HL,P2,2018,Group 3,6.3,47
ECO,HL,P3,2018,Group 3,6.1,47
ECO,SL,IA,2018,Group 3,5.1,7
ECO,SL,OG,2018,Group 3,5.6,7
ECO,SL,P1,2018,Group 3,5.1,7
ECO,SL,P2,2018,Group 3,5.9,7
ENG A L&L,HL,IA,2018,Group 1,5.0,30
ENG A L&L,HL,OG,2018,Group 1,5.6,30
ENG A L&L,HL,P1,2018,Group 1,5.2,30
ENG A L&L,HL,P2,2018,Group 1,5.5,30
ENG A L&L,HL,WRT,2018,Group 1,5.8,30
ENG A L&L,SL,IA,2018,Group 1,5.1,81
ENG A L&L,SL,OG,2018,Group 1,5.6,81
ENG A L&L,SL,P1,2018,Group 1,5.5,81
ENG A L&L,SL,P2,2018,Group 1,5.3,81
ENG A L&L,SL,WRT,2018,Group 1,5.7,81
ENG A LIT,HL,IA,2018,Group 1,5.6,14
ENG A LIT,HL,OG,2018,Group 1,5.4,14
ENG A LIT,HL,P1,2018,Group 1,5.1,14
ENG A LIT,HL,P2,2018,Group 1,5.4,14
ENG A LIT,HL,WRA,2018,Group 1,4.7,13
ENG A LIT,SL,IA,2018,Group 1,5.2,15
ENG A LIT,SL,OG,2018,Group 1,5.3,15
ENG A LIT,SL,P1,2018,Group 1,5.1,15
ENG A LIT,SL,P2,2018,Group 1,5.3,15
ENG A LIT,SL,WRA,2018,Group 1,5.0,15
ESS,SL,IA,2018,Group 4,5.0,15
ESS,SL,OG,2018,Group 4,4.7,15
ESS,SL,P1,2018,Group 4,4.3,15
ESS,SL,P2,2018,Group 4,4.6,15
FRE ABIN,SL,IA,2018,Group 2,6.0,1
FRE ABIN,SL,OG,2018,Group 2,6.0,1
FRE ABIN,SL,P1,2018,Group 2,6.0,1
FRE ABIN,SL,P2,2018,Group 2,7.0,1
FRE ABIN,SL,WRA,2018,Group 2,3.0,1
GEO,HL,IA,2018,Group 3,5.5,30
GEO,HL,OG,2018,Group 3,5.5,30
GEO,HL,P1,2018,Group 3,5.7,30
GEO,HL,P2,2018,Group 3,5.6,30
GEO,HL,P3,2018,Group 3,5.2,30
GEO,SL,IA,2018,Group 3,5.2,5
GEO,SL,OG,2018,Group 3,5.6,5
GEO,SL,P1,2018,Group 3,5.6,5
GEO,SL,P2,2018,Group 3,5.8,5
HIN A LIT,SL,IA,2018,Group 1,5.0,1
HIN A LIT,SL,OG,2018,Group 1,5.0,1
HIN A LIT,SL,P1,2018,Group 1,5.0,1
HIN A LIT,SL,P2,2018,Group 1,3.0,1
HIN A LIT,SL,WRA,2018,Group 1,7.0,1
HIS,HL,IA,2018,Group 3,6.0,23
HIS,HL,OG,2018,Group 3,5.5,23
HIS,HL,P1,2018,Group 3,5.9,23
HIS,HL,P2,2018,Group 3,4.3,23
HIS,HL,P3,2018,Group 3,5.5,23
HIS,SL,IA,2018,Group 3,6.3,7
HIS,SL,OG,2018,Group 3,5.7,7
HIS,SL,P1,2018,Group 3,6.0,7
HIS,SL,P2,2018,Group 3,5.0,7
ITG,HL,IA,2018,Group 3,7.0,1
ITG,HL,OG,2018,Group 3,6.0,1
ITG,HL,P1,2018,Group 3,6.0,1
ITG,HL,P2,2018,Group 3,5.0,1
ITG,HL,P3,2018,Group 3,7.0,1
MAN ABIN,SL,IA,2018,Group 2,5.0,2
MAN ABIN,SL,OG,2018,Group 2,6.0,2
MAN ABIN,SL,P1,2018,Group 2,5.5,2
MAN ABIN,SL,P2,2018,Group 2,6.0,2
MAN ABIN,SL,WRA,2018,Group 2,7.0,2
MAT,HL,IA,2018,Group 5,5.2,19
MAT,HL,OG,2018,Group 5,5.8,19
MAT,HL,P1,2018,Group 5,5.9,20
MAT,HL,P2,2018,Group 5,5.9,20
MAT,HL,P3,2018,Group 5,5.4,20
MAT,SL,IA,2018,Group 5,5.4,87
MAT,SL,OG,2018,Group 5,5.4,87
MAT,SL,P1,2018,Group 5,5.4,89
MAT,SL,P2,2018,Group 5,5.2,89
MAT STUD,SL,IA,2018,Group 5,4.7,31
MAT STUD,SL,OG,2018,Group 5,5.2,31
MAT STUD,SL,P1,2018,Group 5,5.3,31
MAT STUD,SL,P2,2018,Group 5,5.1,31
MUS,HL,CRE,2018,Group 6,5.4,8
MUS,HL,MLI,2018,Group 6,5.9,8
MUS,HL,OG,2018,Group 6,6.0,8
MUS,HL,P1,2018,Group 6,5.2,8
MUS,HL,SOL,2018,Group 6,6.6,8
MUS,SL,GRP,2018,Group 6,3.0,2
MUS,SL,MLI,2018,Group 6,6.0,2
MUS,SL,OG,2018,Group 6,3.5,2
MUS,SL,P1,2018,Group 6,3.0,2
PHI,SL,IA,2018,Group 3,6.0,1
PHI,SL,OG,2018,Group 3,5.0,1
PHI,SL,P1,2018,Group 3,5.0,1
PHI,SL,P2,2018,Group 3,4.0,1
PHY,HL,IA,2018,Group 4,5.7,34
PHY,HL,OG,2018,Group 4,5.4,35
PHY,HL,P1,2018,Group 4,5.1,35
PHY,HL,P2,2018,Group 4,5.1,35
PHY,HL,P3,2018,Group 4,5.2,35
PHY,SL,IA,2018,Group 4,4.4,5
PHY,SL,OG,2018,Group 4,5.2,5
PHY,SL,P1,2018,Group 4,5.2,5
PHY,SL,P2,2018,Group 4,5.0,5
PHY,SL,P3,2018,Group 4,4.6,5
PSY,HL,IA,2018,Group 3,5.7,29
PSY,HL,OG,2018,Group 3,5.5,29
PSY,HL,P1,2018,Group 3,5.6,28
PSY,HL,P2,2018,Group 3,5.2,29
PSY,HL,P3,2018,Group 3,4.7,29
PSY,SL,IA,2018,Group 3,5.8,6
PSY,SL,OG,2018,Group 3,5.0,6
PSY,SL,P1,2018,Group 3,4.5,6
PSY,SL,P2,2018,Group 3,4.7,6
SPA ABIN,SL,IA,2018,Group 2,4.9,29
SPA ABIN,SL,OG,2018,Group 2,5.4,29
SPA ABIN,SL,P1,2018,Group 2,5.1,29
SPA ABIN,SL,P2,2018,Group 2,5.4,29
SPA ABIN,SL,WRA,2018,Group 2,6.4,29
SPA B,SL,IA,2018,Group 2,6.0,1
SPA B,SL,OG,2018,Group 2,6.0,1
SPA B,SL,P1,2018,Group 2,7.0,1
SPA B,SL,P2,2018,Group 2,5.0,1
SPA B,SL,WRA,2018,Group 2,7.0,1
SPO SCI,HL,IA,2018,Group 4,4.7,3
SPO SCI,HL,OG,2018,Group 4,6.0,3
SPO SCI,HL,P1,2018,Group 4,6.0,3
SPO SCI,HL,P2,2018,Group 4,5.7,3
SPO SCI,HL,P3,2018,Group 4,6.7,3
SPO SCI,SL,IA,2018,Group 4,3.8,5
SPO SCI,SL,OG,2018,Group 4,4.2,5
SPO SCI,SL,P1,2018,Group 4,4.8,5
SPO SCI,SL,P2,2018,Group 4,4.0,5
SPO SCI,SL,P3,2018,Group 4,5.0,5
THE,HL,COP,2018,Group 6,5.2,6
THE,HL,DIN,2018,Group 6,5.8,6
THE,HL,OG,2018,Group 6,5.8,6
THE,HL,REP,2018,Group 6,6.0,6
THE,HL,SLP,2018,Group 6,6.2,6
VIA,HL,COS,2018,Group 6,4.7,19
VIA,HL,EXH,2018,Group 6,5.0,19
VIA,HL,OG,2018,Group 6,5.2,19
VIA,HL,PP,2018,Group 6,5.5,19
VIA,SL,COS,2018,Group 6,4.7,3
VIA,SL,EXH,2018,Group 6,5.3,3
VIA,SL,OG,2018,Group 6,5.0,3
VIA,SL,PP,2018,Group 6,4.3,3
B&M,HL,IA,2019,Group 3,5.8,34
B&M,HL,OG,2019,Group 3,5.9,34
B&M,HL,P1,2019,Group 3,5.9,34
B&M,HL,P2,2019,Group 3,5.5,34
B&M,SL,IA,2019,Group 3,5.3,3
B&M,SL,OG,2019,Group 3,6.0,3
B&M,SL,P1,2019,Group 3,5.3,3
B&M,SL,P2,2019,Group 3,6.0,3
BIO,HL,IA,2019,Group 4,5.2,58
BIO,HL,OG,2019,Group 4,5.3,58
BIO,HL,P1,2019,Group 4,5.4,58
BIO,HL,P2,2019,Group 4,5.1,58
BIO,HL,P3,2019,Group 4,4.8,58
BIO,SL,IA,2019,Group 4,4.7,16
BIO,SL,OG,2019,Group 4,5.2,16
BIO,SL,P1,2019,Group 4,5.8,16
BIO,SL,P2,2019,Group 4,5.1,16
BIO,SL,P3,2019,Group 4,5.0,16
CHE,HL,IA,2019,Group 4,5.6,47
CHE,HL,OG,2019,Group 4,5.3,47
CHE,HL,P1,2019,Group 4,5.4,47
CHE,HL,P2,2019,Group 4,5.0,47
CHE,HL,P3,2019,Group 4,5.0,47
CHE,SL,IA,2019,Group 4,4.5,12
CHE,SL,OG,2019,Group 4,4.8,12
CHE,SL,P1,2019,Group 4,5.0,12
CHE,SL,P2,2019,Group 4,4.4,12
CHE,SL,P3,2019,Group 4,5.0,12
CHI A L&L,HL,IA,2019,Group 1,6.7,7
CHI A L&L,HL,OG,2019,Group 1,5.6,7
CHI A L&L,HL,P1,2019,Group 1,4.4,7
CHI A L&L,HL,P2,2019,Group 1,4.6,7
CHI A L&L,HL,WRT,2019,Group 1,5.4,7
CHI A L&L,SL,IA,2019,Group 1,6.3,35
CHI A L&L,SL,OG,2019,Group 1,5.6,35
CHI A L&L,SL,P1,2019,Group 1,4.7,35
CHI A L&L,SL,P2,2019,Group 1,4.7,35
CHI A L&L,SL,WRT,2019,Group 1,5.2,35
CHI B,HL,IA,2019,Group 2,5.8,39
CHI B,HL,OG,2019,Group 2,5.7,39
CHI B,HL,P1,2019,Group 2,5.5,39
CHI B,HL,P2,2019,Group 2,4.9,39
CHI B,HL,WRA,2019,Group 2,6.2,39
CHI B,SL,IA,2019,Group 2,6.3,21
CHI B,SL,OG,2019,Group 2,6.2,21
CHI B,SL,P1,2019,Group 2,5.4,21
CHI B,SL,P2,2019,Group 2,5.5,21
CHI B,SL,WRA,2019,Group 2,6.9,21
D&T,HL,IA,2019,Group 4,6.2,6
D&T,HL,OG,2019,Group 4,5.8,6
D&T,HL,P1,2019,Group 4,5.7,6
D&T,HL,P2,2019,Group 4,5.2,6
D&T,HL,P3,2019,Group 4,5.8,6
ECO,HL,IA,2019,Group 3,5.9,43
ECO,HL,OG,2019,Group 3,5.8,43
ECO,HL,P1,2019,Group 3,5.4,43
ECO,HL,P2,2019,Group 3,5.7,43
ECO,HL,P3,2019,Group 3,5.7,43
ECO,SL,IA,2019,Group 3,5.5,14
ECO,SL,OG,2019,Group 3,5.6,14
ECO,SL,P1,2019,Group 3,6.0,14
ECO,SL,P2,2019,Group 3,5.2,14
ENG A L&L,HL,IA,2019,Group 1,6.2,25
ENG A L&L,HL,OG,2019,Group 1,6.2,25
ENG A L&L,HL,P1,2019,Group 1,5.6,25
ENG A L&L,HL,P2,2019,Group 1,6.0,25
ENG A L&L,HL,WRT,2019,Group 1,5.9,25
ENG A L&L,SL,IA,2019,Group 1,5.6,103
ENG A L&L,SL,OG,2019,Group 1,5.6,103
ENG A L&L,SL,P1,2019,Group 1,5.5,103
ENG A L&L,SL,P2,2019,Group 1,4.9,103
ENG A L&L,SL,WRT,2019,Group 1,5.7,103
ENG A LIT,HL,IA,2019,Group 1,4.4,15
ENG A LIT,HL,OG,2019,Group 1,4.9,15
ENG A LIT,HL,P1,2019,Group 1,4.5,15
ENG A LIT,HL,P2,2019,Group 1,5.3,15
ENG A LIT,HL,WRA,2019,Group 1,4.7,15
ENG A LIT,SL,IA,2019,Group 1,6.0,5
ENG A LIT,SL,OG,2019,Group 1,5.8,5
ENG A LIT,SL,P1,2019,Group 1,5.2,5
ENG A LIT,SL,P2,2019,Group 1,5.0,5
ENG A LIT,SL,WRA,2019,Group 1,5.8,5
ESS,SL,IA,2019,Group 4,4.1,19
ESS,SL,OG,2019,Group 4,4.7,19
ESS,SL,P1,2019,Group 4,4.4,19
ESS,SL,P2,2019,Group 4,5.0,19
FIL,SL,COS,2019,Group 3,4.0,1
FIL,SL,FIP,2019,Group 3,2.0,1
FIL,SL,OG,2019,Group 3,3.0,1
FIL,SL,TEA,2019,Group 3,3.0,1
FRE ABIN,SL,IA,2019,Group 2,4.0,1
FRE ABIN,SL,OG,2019,Group 2,6.0,1
FRE ABIN,SL,P1,2019,Group 2,7.0,1
FRE ABIN,SL,P2,2019,Group 2,7.0,1
FRE ABIN,SL,WRA,2019,Group 2,6.0,1
GEO,HL,IA,2019,Group 3,5.6,27
GEO,HL,OG,2019,Group 3,5.1,27
GEO,HL,P1,2019,Group 3,4.9,27
GEO,HL,P2,2019,Group 3,5.1,27
GEO,HL,P3,2019,Group 3,4.5,27
GEO,SL,IA,2019,Group 3,5.8,5
GEO,SL,OG,2019,Group 3,5.6,5
GEO,SL,P1,2019,Group 3,5.4,5
GEO,SL,P2,2019,Group 3,5.8,5
HIS,HL,IA,2019,Group 3,4.9,18
HIS,HL,OG,2019,Group 3,5.4,18
HIS,HL,P1,2019,Group 3,6.2,18
HIS,HL,P2,2019,Group 3,4.6,18
HIS,HL,P3,2019,Group 3,5.2,18
HIS,SL,IA,2019,Group 3,5.0,2
HIS,SL,OG,2019,Group 3,5.0,2
HIS,SL,P1,2019,Group 3,6.0,2
HIS,SL,P2,2019,Group 3,4.5,2
JAP A LIT,SL,IA,2019,Group 1,6.0,1
JAP A LIT,SL,OG,2019,Group 1,7.0,1
JAP A LIT,SL,P1,2019,Group 1,7.0,1
JAP A LIT,SL,P2,2019,Group 1,6.0,1
JAP A LIT,SL,WRA,2019,Group 1,7.0,1
MAN ABIN,SL,IA,2019,Group 2,6.5,2
MAN ABIN,SL,OG,2019,Group 2,6.5,2
MAN ABIN,SL,P1,2019,Group 2,6.0,2
MAN ABIN,SL,P2,2019,Group 2,6.0,2
MAN ABIN,SL,WRA,2019,Group 2,6.5,2
MAT,HL,IA,2019,Group 5,4.8,18
MAT,HL,OG,2019,Group 5,5.8,18
MAT,HL,P1,2019,Group 5,6.1,18
MAT,HL,P2,2019,Group 5,5.8,18
MAT,HL,P3,2019,Group 5,5.8,18
MAT,SL,IA,2019,Group 5,4.7,93
MAT,SL,OG,2019,Group 5,5.1,93
MAT,SL,P1,2019,Group 5,5.2,93
MAT,SL,P2,2019,Group 5,5.0,93
MAT STUD,SL,IA,2019,Group 5,4.5,33
MAT STUD,SL,OG,2019,Group 5,4.9,33
MAT STUD,SL,P1,2019,Group 5,5.0,33
MAT STUD,SL,P2,2019,Group 5,4.8,33
MUS,HL,CRE,2019,Group 6,5.7,3
MUS,HL,MLI,2019,Group 6,5.7,3
MUS,HL,OG,2019,Group 6,6.0,3
MUS,HL,P1,2019,Group 6,5.7,3
MUS,HL,SOL,2019,Group 6,6.3,3
MUS,SL,CRE,2019,Group 6,5.5,2
MUS,SL,MLI,2019,Group 6,5.7,3
MUS,SL,OG,2019,Group 6,6.0,2
MUS,SL,P1,2019,Group 6,4.7,3
MUS,SL,SOL,2019,Group 6,4.0,1
PHI,HL,IA,2019,Group 3,6.0,1
PHI,HL,OG,2019,Group 3,7.0,1
PHI,HL,P1,2019,Group 3,7.0,1
PHI,HL,P2,2019,Group 3,7.0,1
PHI,HL,P3,2019,Group 3,7.0,1
PHY,HL,IA,2019,Group 4,5.6,23
PHY,HL,OG,2019,Group 4,5.7,23
PHY,HL,P1,2019,Group 4,5.3,23
PHY,HL,P2,2019,Group 4,5.6,23
PHY,HL,P3,2019,Group 4,5.7,23
PHY,SL,IA,2019,Group 4,5.7,3
PHY,SL,OG,2019,Group 4,5.0,3
PHY,SL,P1,2019,Group 4,5.3,3
PHY,SL,P2,2019,Group 4,4.3,3
PHY,SL,P3,2019,Group 4,6.3,3
PSY,HL,IA,2019,Group 3,6.0,34
PSY,HL,OG,2019,Group 3,5.4,34
PSY,HL,P1,2019,Group 3,5.3,34
PSY,HL,P2,2019,Group 3,4.9,34
PSY,HL,P3,2019,Group 3,4.6,34
PSY,SL,IA,2019,Group 3,6.1,9
PSY,SL,OG,2019,Group 3,5.9,9
PSY,SL,P1,2019,Group 3,5.6,9
PSY,SL,P2,2019,Group 3,5.8,9
SPA ABIN,SL,IA,2019,Group 2,4.7,38
SPA ABIN,SL,OG,2019,Group 2,5.3,38
SPA ABIN,SL,P1,2019,Group 2,5.2,38
SPA ABIN,SL,P2,2019,Group 2,5.2,38
SPA ABIN,SL,WRA,2019,Group 2,6.4,38
SPO SCI,HL,IA,2019,Group 4,4.9,16
SPO SCI,HL,OG,2019,Group 4,5.3,16
SPO SCI,HL,P1,2019,Group 4,5.8,16
SPO SCI,HL,P2,2019,Group 4,4.8,16
SPO SCI,HL,P3,2019,Group 4,5.5,16
SPO SCI,SL,IA,2019,Group 4,4.2,4
SPO SCI,SL,OG,2019,Group 4,4.2,4
SPO SCI,SL,P1,2019,Group 4,4.2,4
SPO SCI,SL,P2,2019,Group 4,3.8,4
SPO SCI,SL,P3,2019,Group 4,4.2,4
THE,HL,COP,2019,Group 6,5.5,10
THE,HL,DIN,2019,Group 6,5.8,10
THE,HL,OG,2019,Group 6,6.1,10
THE,HL,REP,2019,Group 6,6.3,10
THE,HL,SLP,2019,Group 6,5.8,10
THE,SL,COP,2019,Group 6,6.0,1
THE,SL,DIN,2019,Group 6,6.0,1
THE,SL,OG,2019,Group 6,6.0,1
THE,SL,REP,2019,Group 6,7.0,1
VIA,HL,COS,2019,Group 6,4.7,23
VIA,HL,EXH,2019,Group 6,5.1,23
VIA,HL,OG,2019,Group 6,5.2,23
VIA,HL,PP,2019,Group 6,5.7,23
VIA,SL,COS,2019,Group 6,5.0,1
VIA,SL,EXH,2019,Group 6,4.0,1
VIA,SL,OG,2019,Group 6,4.0,1
VIA,SL,PP,2019,Group 6,4.0,1
